YEAR_MONTH,PASSENGERS CARRIED
2023 SEP,7742517.729232618
2023 OCT,7813813.821821291
2023 NOV,7581086.394211563
2023 DEC,7757209.828194929
2024 JAN,7792435.590076153
2024 FEB,7894731.586654017
2024 MAR,7995853.35477519
2024 APR,7830499.71921101
2024 MAY,7932297.718447625
2024 JUN,7913052.171860122
2024 JUL,7994036.992650118
2024 AUG,7986525.700149296
